,0,1
0,"[(0.098541476, 'sour cream'), (0.06010067, 'salsa'), (0.059331074, 'flour tortillas'), (0.049079433, 'chili powder'), (0.047043927, 'black beans'), (0.037810795, 'ground cumin'), (0.036286037, 'corn tortillas'), (0.027692342, 'cheddar cheese'), (0.02734705, 'cheese'), (0.026032982, 'green onions'), (0.025685022, 'shredded cheddar cheese'), (0.022118406, 'shredded Monterey Jack cheese'), (0.019907927, 'enchilada sauce'), (0.01982974, 'cooked chicken'), (0.018983157, 'cumin'), (0.018279575, 'diced tomatoes'), (0.017607236, 'green chile'), (0.016515817, 'tomatoes'), (0.016047996, 'avocado'), (0.015758393, 'chicken broth'), (0.015566664, 'jalapeno chilies'), (0.01549166, 'chopped cilantro fresh'), (0.01495844, 'tortillas'), (0.013773967, 'boneless skinless chicken breasts'), (0.013249368, 'cilantro'), (0.012956244, 'chicken breasts'), (0.012292194, 'cream cheese'), (0.011518311, 'chipotles in adobo'), (0.011332641, 'queso fresco'), (0.011216598, 'guacamole')]",-3.190185445843209
1,"[(0.058368895, 'bay leaves'), (0.050541595, 'celery'), (0.038275626, 'bay leaf'), (0.037548076, 'shrimp'), (0.03522809, 'celery ribs'), (0.034280032, 'chicken broth'), (0.0325509, 'dried thyme'), (0.031488407, 'green bell pepper'), (0.029925235, 'tomato paste'), (0.029521504, 'yellow onion'), (0.02842109, 'carrots'), (0.027477732, 'thyme'), (0.02368037, 'chicken stock'), (0.022884727, 'dry red wine'), (0.020764574, 'chicken'), (0.02037179, 'andouille sausage'), (0.020130752, 'long grain white rice'), (0.018694304, 'fresh parsley'), (0.01746685, 'black pepper'), (0.017365212, 'low sodium chicken broth'), (0.017305354, 'kosher salt'), (0.01615117, 'green onions'), (0.014929593, 'worcestershire sauce'), (0.014289507, 'tomatoes'), (0.013123358, 'Tabasco Pepper Sauce'), (0.013058219, 'hot sauce'), (0.013019467, 'scallions'), (0.012120855, 'lemon'), (0.012112458, 'dried oregano'), (0.011829678, 'smoked sausage')]",-3.217237762120304
2,"[(0.08000902, 'jalapeno chilies'), (0.06100942, 'lime'), (0.053359054, 'chopped cilantro fresh'), (0.051870912, 'lime juice'), (0.05072648, 'avocado'), (0.041987516, 'purple onion'), (0.04132308, 'fresh lime juice'), (0.03710947, 'cilantro'), (0.034138303, 'ground cumin'), (0.033939317, 'chopped cilantro'), (0.03154099, 'fresh cilantro'), (0.030377945, 'tomatoes'), (0.026837876, 'kosher salt'), (0.023823656, 'cilantro leaves'), (0.02260405, 'corn tortillas'), (0.021501496, 'white onion'), (0.018122837, 'tomatillos'), (0.017484361, 'lime wedges'), (0.014779141, 'serrano chile'), (0.014019151, 'chili powder'), (0.013232297, 'mango'), (0.012741738, 'canola oil'), (0.012239046, 'black beans'), (0.010912033, 'green onions'), (0.009583926, 'cumin'), (0.008914303, 'dried oregano'), (0.008906211, 'plum tomatoes'), (0.00848764, 'yellow onion'), (0.008074714, 'scallions'), (0.008014283, 'panko breadcrumbs')]",-3.229218515187737
3,"[(0.10996104, 'soy sauce'), (0.056129385, 'sesame oil'), (0.04615662, 'green onions'), (0.044842817, 'scallions'), (0.04479838, 'corn starch'), (0.04078913, 'rice vinegar'), (0.032574758, 'ginger'), (0.024337826, 'fresh ginger'), (0.023108037, 'carrots'), (0.019910915, 'sesame seeds'), (0.016698653, 'oil'), (0.016475847, 'brown sugar'), (0.015191437, 'peanut oil'), (0.0149968965, 'mirin'), (0.014342402, 'honey'), (0.014182668, 'oyster sauce'), (0.0137866195, 'minced garlic'), (0.013325547, 'eggs'), (0.013270129, 'hoisin sauce'), (0.011981207, 'ground pork'), (0.011946303, 'light soy sauce'), (0.011695161, 'toasted sesame oil'), (0.010970439, 'shiitake'), (0.010902045, 'canola oil'), (0.010675368, 'beansprouts'), (0.010608987, 'spring onions'), (0.010608288, 'sake'), (0.009784988, 'toasted sesame seeds'), (0.00956452, 'dark soy sauce'), (0.009077338, 'Sriracha')]",-3.2400986909677867
4,"[(0.09590956, 'fresh basil'), (0.058173083, 'crushed red pepper'), (0.05436609, 'dried oregano'), (0.050757226, 'dried basil'), (0.043455467, 'grated parmesan cheese'), (0.034190886, 'ricotta cheese'), (0.030090947, 'diced tomatoes'), (0.026854286, 'spaghetti'), (0.02568048, 'fresh parsley'), (0.025191331, 'cooking spray'), (0.02395979, 'fresh mushrooms'), (0.023817554, 'fresh parmesan cheese'), (0.021012606, 'black pepper'), (0.020847876, 'marinara sauce'), (0.020478329, 'tomatoes'), (0.020055005, 'part-skim mozzarella cheese'), (0.019864261, 'linguine'), (0.018621877, 'evaporated milk'), (0.016440624, 'zucchini'), (0.015444204, 'tomato paste'), (0.014931073, 'penne pasta'), (0.01406998, 'dried rosemary'), (0.013986431, 'minced garlic'), (0.0139131285, 'fresh oregano'), (0.013703718, 'frozen chopped spinach'), (0.013475684, 'chopped onion'), (0.0123130465, 'plum tomatoes'), (0.012006423, 'tomato sauce'), (0.011612408, 'fat free milk'), (0.010920022, 'large eggs')]",-4.560122609970819
5,"[(0.09317068, 'ground cumin'), (0.067064434, 'ground coriander'), (0.064571194, 'ground turmeric'), (0.04891759, 'cumin seed'), (0.038878474, 'garam masala'), (0.032791566, 'ginger'), (0.024188377, 'mustard seeds'), (0.022684898, 'cayenne pepper'), (0.020487346, 'tomatoes'), (0.02006677, 'fresh coriander'), (0.019823026, 'chopped cilantro fresh'), (0.019224076, 'cauliflower'), (0.019167578, 'chili powder'), (0.017411623, 'paprika'), (0.017347429, 'curry leaves'), (0.016061874, 'thai chile'), (0.015808692, 'red chili powder'), (0.015501685, 'kosher salt'), (0.014768355, 'couscous'), (0.014186195, 'plain yogurt'), (0.013435334, 'coconut milk'), (0.013027505, 'lemon juice'), (0.012276826, 'chicken'), (0.011903203, 'dried apricot'), (0.011595382, 'tomato paste'), (0.011484395, 'black mustard seeds'), (0.010985, 'cilantro'), (0.010860511, 'salsa verde'), (0.010623647, 'cilantro leaves'), (0.009968713, 'peeled fresh ginger')]",-4.653057908519745
6,"[(0.14176011, 'fresh lemon juice'), (0.0686953, 'extra-virgin olive oil'), (0.06444363, 'red wine vinegar'), (0.04847764, 'purple onion'), (0.04554391, 'capers'), (0.042125568, 'fresh parsley'), (0.038756866, 'tomatoes'), (0.027062742, 'lemon'), (0.02436259, 'sweet onion'), (0.022602487, 'feta cheese'), (0.022450892, 'baguette'), (0.019823251, 'shallots'), (0.019669177, 'white wine'), (0.019278198, 'chopped fresh chives'), (0.0187836, 'flat leaf parsley'), (0.01848161, 'pitted kalamata olives'), (0.01789425, 'dijon mustard'), (0.016631683, 'black pepper'), (0.016497886, 'black-eyed peas'), (0.016242925, 'anchovy fillets'), (0.015944561, 'dried oregano'), (0.015363164, 'hot pepper sauce'), (0.015090993, 'kalamata'), (0.014843267, 'french bread'), (0.01452645, 'kosher salt'), (0.013906599, 'lemon juice'), (0.0124506075, 'olives'), (0.01203933, 'large garlic cloves'), (0.010756811, 'plum tomatoes'), (0.010690537, 'cucumber')]",-4.693121732756516
7,"[(0.0942218, 'unsalted butter'), (0.08572338, 'vanilla extract'), (0.060930327, 'heavy cream'), (0.05683756, 'large eggs'), (0.049891543, 'granulated sugar'), (0.048969872, 'white sugar'), (0.038858976, 'large egg yolks'), (0.038348924, 'egg yolks'), (0.032322977, 'powdered sugar'), (0.02873891, 'egg whites'), (0.028463945, 'confectioners sugar'), (0.023830408, 'milk'), (0.023454398, 'eggs'), (0.022794317, 'baking powder'), (0.02186616, 'corn starch'), (0.020920547, 'whole milk'), (0.018641626, 'unsweetened cocoa powder'), (0.017623149, 'ground cinnamon'), (0.016143631, 'whipping cream'), (0.014410271, 'shortening'), (0.01256125, 'almond extract'), (0.011829914, 'heavy whipping cream'), (0.010889544, 'vanilla beans'), (0.008138754, 'dark rum'), (0.007669457, 'bittersweet chocolate'), (0.0066112704, 'frozen pastry puff sheets'), (0.006108813, 'lemon'), (0.005869453, 'vegetable oil spray'), (0.00582463, 'fresh raspberries'), (0.005806851, 'unflavored gelatin')]",-4.796565626591927
8,"[(0.13774435, 'grated parmesan cheese'), (0.05106006, 'mozzarella cheese'), (0.0447888, 'parmesan cheese'), (0.040196963, 'eggs'), (0.0381064, 'shredded mozzarella cheese'), (0.038072444, 'italian seasoning'), (0.03237967, 'fresh basil leaves'), (0.03202324, 'pasta'), (0.029214563, 'dry bread crumbs'), (0.02752413, 'pasta sauce'), (0.023779545, 'nutmeg'), (0.022384265, 'fresh parsley'), (0.022094857, 'pinenuts'), (0.022071129, 'lasagna noodles'), (0.021950817, 'roasted red peppers'), (0.01943319, 'basil'), (0.016393745, 'chicken breast halves'), (0.01573314, 'fettucine'), (0.015012303, 'bread'), (0.014799688, 'ground beef'), (0.014641446, 'red pepper flakes'), (0.014310997, 'italian sausage'), (0.014146978, 'arugula'), (0.012053003, 'ricotta'), (0.010532088, 'black pepper'), (0.009752599, 'large eggs'), (0.00912415, 'kosher salt'), (0.008252404, 'minced garlic'), (0.008228525, 'tomato sauce'), (0.008054877, 'spinach')]",-4.905841371998344
9,"[(0.15774113, 'extra-virgin olive oil'), (0.07302312, 'freshly ground pepper'), (0.06740682, 'flat leaf parsley'), (0.052097302, 'kosher salt'), (0.048122894, 'unsalted butter'), (0.046568025, 'large garlic cloves'), (0.031788275, 'parmigiano reggiano cheese'), (0.027610218, 'dry white wine'), (0.025808651, 'chopped parsley'), (0.025145568, 'large shrimp'), (0.024005672, 'large eggs'), (0.023763012, 'sea salt'), (0.021343186, 'russet potatoes'), (0.020735344, 'plum tomatoes'), (0.016849054, 'baking potatoes'), (0.015471216, 'black pepper'), (0.014907514, 'heavy cream'), (0.01488138, 'bread crumb fresh'), (0.014542931, 'fresh rosemary'), (0.014488078, 'chopped fresh thyme'), (0.014148844, 'tomatoes'), (0.013824665, 'coarse salt'), (0.011676005, 'pecorino romano cheese'), (0.01056566, 'grits'), (0.010257319, 'chopped walnuts'), (0.009938351, 'scallions'), (0.008641438, 'chicken stock'), (0.008206118, 'fresh basil leaves'), (0.0077368855, 'orzo'), (0.007731353, 'chorizo sausage')]",-5.359259763334596
10,"[(0.12478956, 'garlic powder'), (0.0973659, 'cayenne pepper'), (0.09468939, 'paprika'), (0.046996363, 'onion powder'), (0.04533827, 'black pepper'), (0.04059458, 'oregano'), (0.032507993, 'cracked black pepper'), (0.031924378, 'chili powder'), (0.03118572, 'smoked paprika'), (0.026647257, 'bell pepper'), (0.024672179, 'cumin'), (0.02388072, 'diced onions'), (0.023420589, 'okra'), (0.021918435, 'dried oregano'), (0.020305814, 'lemon wedge'), (0.019195607, 'ground cumin'), (0.018990073, 'kosher salt'), (0.018767962, 'diced tomatoes'), (0.01591985, 'stewed tomatoes'), (0.01446127, 'white rice'), (0.011041462, 'sea salt'), (0.01087285, 'yellow squash'), (0.010219259, 'frozen corn kernels'), (0.008768914, 'hot sauce'), (0.008420313, 'asiago'), (0.00792842, 'creole seasoning'), (0.0078246035, 'diced celery'), (0.0076524704, 'sliced carrots'), (0.007060335, 'table salt'), (0.0067768795, 'chicken')]",-6.202797913314506
11,"[(0.17232367, 'carrots'), (0.07696098, 'potatoes'), (0.041471805, 'peanuts'), (0.04030461, 'leeks'), (0.03403894, 'fresh thyme'), (0.033244237, 'cabbage'), (0.02612018, 'rice noodles'), (0.024083117, 'greek yogurt'), (0.023552284, 'pork'), (0.019554833, 'fresh rosemary'), (0.019322772, 'green peas'), (0.01915387, 'vinegar'), (0.018855594, 'green cabbage'), (0.018738741, 'zucchini'), (0.018022118, 'peas'), (0.017277721, 'celery'), (0.016877403, 'butternut squash'), (0.016870085, 'bay leaf'), (0.016384862, 'mussels'), (0.016163114, 'shallots'), (0.014414133, 'light coconut milk'), (0.013439963, 'fresh parsley'), (0.013288317, 'peanut butter'), (0.012527759, 'chopped fresh sage'), (0.012283746, 'celery ribs'), (0.011934783, 'black pepper'), (0.0114387525, 'green beans'), (0.010869685, 'turnips'), (0.009115355, 'chicken broth'), (0.008779858, 'tomato paste')]",-6.717805615755483
12,"[(0.12265488, 'chopped onion'), (0.063595936, 'boneless skinless chicken breast halves'), (0.05749885, 'ground red pepper'), (0.04758679, 'finely chopped onion'), (0.047431834, 'fat free less sodium chicken broth'), (0.042798392, 'cooking spray'), (0.041752547, 'chopped celery'), (0.036330584, 'long-grain rice'), (0.028107196, 'sliced mushrooms'), (0.026005447, 'chopped green bell pepper'), (0.024350118, 'chopped pecans'), (0.022733245, 'black pepper'), (0.021962868, 'vegetable oil cooking spray'), (0.02081323, 'creole seasoning'), (0.01954814, 'minced garlic'), (0.019490685, 'fresh parsley'), (0.019401047, 'green onions'), (0.018797873, 'diced tomatoes'), (0.012744536, 'margarine'), (0.011741297, 'dry sherry'), (0.011739843, 'crawfish'), (0.011240235, 'marjoram'), (0.010974717, 'pineapple'), (0.010700939, 'canola oil'), (0.010568382, 'fresh chives'), (0.010282559, 'granny smith apples'), (0.010021144, 'dough'), (0.00941907, 'medium shrimp'), (0.0090242205, 'chicken broth'), (0.008926374, 'cooked rice')]",-6.906989068912819
13,"[(0.07579805, 'tumeric'), (0.05614086, 'chickpeas'), (0.05057443, 'frozen peas'), (0.041332435, 'coriander'), (0.037594352, 'juice'), (0.033881016, 'basil leaves'), (0.03265365, 'noodles'), (0.027557775, 'cilantro sprigs'), (0.025456918, 'chopped tomatoes'), (0.025315346, 'hot red pepper flakes'), (0.02426002, 'ginger'), (0.02285811, 'ground turkey'), (0.02282762, 'spices'), (0.021700917, 'cashew nuts'), (0.021531435, 'fresh ginger'), (0.021059362, 'tomatoes'), (0.017528696, 'lemon'), (0.016417993, 'chicken stock'), (0.016197404, 'cumin'), (0.016147077, 'walnuts'), (0.014801739, 'red lentils'), (0.014408515, 'cinnamon'), (0.013938394, 'chillies'), (0.012664981, 'vegetable stock'), (0.012517777, 'garam masala'), (0.012394893, 'prawns'), (0.01202724, 'fresh cilantro'), (0.010386931, 'chopped cilantro'), (0.010290851, 'basmati rice'), (0.01025893, 'mango chutney')]",-6.930914604542816
14,"[(0.09321659, 'cinnamon sticks'), (0.07448421, 'clove'), (0.072680585, 'black peppercorns'), (0.04351759, 'coriander seeds'), (0.041269824, 'fennel seeds'), (0.03596033, 'bay leaves'), (0.03237662, 'basmati rice'), (0.031893276, 'saffron'), (0.031222528, 'orange'), (0.026777124, 'almonds'), (0.025614154, 'tomato purГ©e'), (0.025280979, 'cumin seed'), (0.019169027, 'ground lamb'), (0.018133838, 'meat'), (0.017930258, 'bay leaf'), (0.017878246, 'fresh ginger'), (0.01745003, 'serrano peppers'), (0.01648414, 'spinach'), (0.016233822, 'molasses'), (0.015385212, 'cinnamon'), (0.013360058, 'lamb shoulder'), (0.011377549, 'green cardamom'), (0.010873172, 'green cardamom pods'), (0.010486729, 'kosher salt'), (0.010193326, 'lemon'), (0.009831256, 'whole cloves'), (0.009617811, 'lemon rind'), (0.0093218265, 'canola oil'), (0.008845845, 'gingerroot'), (0.008520527, 'pork butt')]",-6.963489231064031
15,"[(0.12485559, 'oil'), (0.058189943, 'green chilies'), (0.04268414, 'chili powder'), (0.038195565, 'garam masala'), (0.036053743, 'tomatoes'), (0.032427244, 'cilantro leaves'), (0.03078333, 'garlic paste'), (0.024833567, 'coriander powder'), (0.02342154, 'ginger'), (0.02321452, 'ghee'), (0.022788785, 'tumeric'), (0.020722663, 'yoghurt'), (0.020062892, 'whole wheat flour'), (0.019511778, 'ground turmeric'), (0.019408306, 'cumin seed'), (0.018812304, 'potatoes'), (0.017522216, 'coriander'), (0.015232587, 'ginger paste'), (0.014548442, 'seeds'), (0.014045978, 'parsley sprigs'), (0.012771326, 'lemon juice'), (0.012638603, 'cardamom'), (0.010876858, 'nori'), (0.010067286, 'rice'), (0.00968829, 'amchur'), (0.009631681, 'condensed milk'), (0.009589627, 'clove'), (0.009521471, 'cream'), (0.009466263, 'mace'), (0.009363948, 'red beans')]",-6.968759356330638
16,"[(0.10533998, 'boneless skinless chicken breasts'), (0.08063839, 'curry powder'), (0.07479393, 'chicken breasts'), (0.055304326, 'fresh ginger'), (0.05154421, 'coconut milk'), (0.04325561, 'ground white pepper'), (0.033854313, 'brown sugar'), (0.027466267, 'boneless chicken skinless thigh'), (0.027170552, 'green beans'), (0.026200863, 'red pepper'), (0.02294121, 'low sodium soy sauce'), (0.021764746, 'cooked rice'), (0.02072049, 'chicken broth'), (0.017659111, 'rice flour'), (0.016486537, 'pork shoulder'), (0.016463663, 'canola oil'), (0.016020251, 'red cabbage'), (0.013166752, 'curry paste'), (0.012306323, 'chicken stock'), (0.011096815, 'cilantro leaves'), (0.010737592, 'beans'), (0.010704346, 'scallions'), (0.009986694, 'chili flakes'), (0.009909743, 'green onions'), (0.0098742945, 'cilantro stems'), (0.009294554, 'sea salt'), (0.008269931, 'coarse sea salt'), (0.0080716135, 'red pepper flakes'), (0.00775206, 'fish fillets'), (0.0070014806, 'konbu')]",-7.263423392070978
17,"[(0.15019013, 'milk'), (0.10671567, 'baking powder'), (0.10495419, 'eggs'), (0.07220314, 'baking soda'), (0.06324716, 'buttermilk'), (0.050355148, 'large eggs'), (0.026411593, 'cream cheese'), (0.026374917, 'yellow corn meal'), (0.022961041, 'cornmeal'), (0.020748163, 'vanilla'), (0.017742287, 'strawberries'), (0.017417956, 'boiling water'), (0.01708033, 'white sugar'), (0.017025238, 'bananas'), (0.014311921, 'brown sugar'), (0.011792507, 'ancho chile pepper'), (0.010472942, 'lemon juice'), (0.009492486, 'pimentos'), (0.009052869, 'pizza doughs'), (0.008685022, 'raisins'), (0.008500549, 'honey'), (0.00841543, 'sharp cheddar cheese'), (0.00829187, 'kosher salt'), (0.008201953, 'catfish fillets'), (0.0073356857, 'ground chicken'), (0.0068787984, 'whipped cream'), (0.0066688806, 'green tomatoes'), (0.0066551957, 'margarine'), (0.006558597, 'firmly packed brown sugar'), (0.0064258804, 'granulated sugar')]",-7.823419157657151
18,"[(0.08752325, 'honey'), (0.083311, 'ground ginger'), (0.07659888, 'ground cinnamon'), (0.047656376, 'orange juice'), (0.04431782, 'cayenne'), (0.036225703, 'raisins'), (0.027056515, 'golden raisins'), (0.026922114, 'fresh orange juice'), (0.021779995, 'ground cumin'), (0.020852694, 'orange zest'), (0.018799586, 'apples'), (0.018420719, 'lemon juice'), (0.018203631, 'brown sugar'), (0.016859291, 'sweet paprika'), (0.016652497, 'sliced almonds'), (0.016278714, 'sausage casings'), (0.013575521, 'orange'), (0.012955557, 'garbanzo beans'), (0.012045561, 'blanched almonds'), (0.0119371405, 'boneless pork shoulder'), (0.011548377, 'cinnamon'), (0.011352216, 'romano cheese'), (0.011273945, 'chicken drumsticks'), (0.010938137, 'rolls'), (0.009298176, 'ground allspice'), (0.009073136, 'lemon'), (0.008843086, 'saffron threads'), (0.008390696, 'pinenuts'), (0.007594191, 'paprika'), (0.007484064, 'pumpkin')]",-8.192982996453189
19,"[(0.08769859, 'crushed red pepper flakes'), (0.087630674, 'white vinegar'), (0.08172912, 'eggplant'), (0.07940207, 'crushed tomatoes'), (0.06023953, 'chile pepper'), (0.057691075, 'zucchini'), (0.03789326, 'fresh spinach'), (0.036349464, 'white sugar'), (0.03522929, 'salt and ground black pepper'), (0.03180471, 'red wine'), (0.02092991, 'fresh ginger root'), (0.02081774, 'dry yeast'), (0.020754606, 'chicken wings'), (0.019874804, 'chili pepper'), (0.019159988, 'chili oil'), (0.017392846, 'whole peeled tomatoes'), (0.016918441, 'bamboo shoots'), (0.013147596, 'reduced-fat sour cream'), (0.012864806, 'dried oregano'), (0.012292947, 'tomato paste'), (0.012131065, 'fenugreek seeds'), (0.011472653, 'soft tofu'), (0.008445684, 'minced garlic'), (0.008031021, 'frozen spinach'), (0.007708448, 'basil'), (0.0065410873, 'chicken'), (0.0063592773, 'brown sugar'), (0.0059884726, 'processed cheese'), (0.0055376887, 'red pepper flakes'), (0.005478662, 'soup')]",-9.783529563602446
20,"[(0.13201407, 'dry white wine'), (0.047809914, 'arborio rice'), (0.03995183, 'lemon zest'), (0.039549116, 'asparagus'), (0.037964217, 'peeled fresh ginger'), (0.035881937, 'chives'), (0.035250194, 'low sodium soy sauce'), (0.03184846, 'reduced sodium chicken broth'), (0.02670119, 'collard greens'), (0.026471216, 'saffron threads'), (0.02582348, 'crushed red pepper'), (0.02225907, 'dark sesame oil'), (0.019193923, 'vegetable stock'), (0.018974392, 'pork sausages'), (0.01826775, 'sea scallops'), (0.017414236, 'unsalted butter'), (0.016020784, 'sweetened coconut flakes'), (0.013789796, 'large shrimp'), (0.013394327, 'minced garlic'), (0.013156358, 'kosher salt'), (0.013110581, 'chicken broth'), (0.01282187, 'fennel'), (0.012685669, 'fat free less sodium chicken broth'), (0.012043053, 'jumbo shrimp'), (0.011510046, 'dipping sauces'), (0.010478687, 'black pepper'), (0.01021979, 'lemon juice'), (0.009509515, 'salted butter'), (0.008660319, 'orange marmalade'), (0.007857378, 'chinese cabbage')]",-9.856230641088562
21,"[(0.28367433, 'red bell pepper'), (0.11551402, 'green bell pepper'), (0.056004446, 'vegetable broth'), (0.045005668, 'white onion'), (0.040353123, 'yellow bell pepper'), (0.027609833, 'unsweetened coconut milk'), (0.024656758, 'purple onion'), (0.023267096, 'poblano chiles'), (0.02248149, 'pinto beans'), (0.021151891, 'fresh tomatoes'), (0.019451741, 'lard'), (0.019352986, 'chopped cilantro fresh'), (0.018807782, 'green onions'), (0.016189698, 'lentils'), (0.014592208, 'green olives'), (0.014048861, 'adobo sauce'), (0.013501688, 'broth'), (0.012907379, 'diced tomatoes'), (0.010415625, 'chipotle peppers'), (0.010334217, 'fresh pineapple'), (0.00950968, 'Anaheim chile'), (0.009039855, 'grated jack cheese'), (0.008416223, 'rotisserie chicken'), (0.007991791, 'tomato paste'), (0.0068793073, 'low-fat sour cream'), (0.006567641, 'harissa'), (0.0063273245, 'gai lan'), (0.005966403, 'beef shank'), (0.005882077, 'tomatoes'), (0.0052879592, 'plum tomatoes')]",-9.861611053302543
22,"[(0.114329524, 'fish sauce'), (0.08324743, 'shallots'), (0.06592973, 'fresh lime juice'), (0.057177667, 'light brown sugar'), (0.04727275, 'lemongrass'), (0.03500105, 'coconut milk'), (0.030631134, 'medium shrimp'), (0.028063105, 'lime'), (0.022242595, 'shredded cheese'), (0.020093782, 'mint'), (0.01986354, 'Thai red curry paste'), (0.018714113, 'kaffir lime leaves'), (0.017690679, 'pecans'), (0.017059548, 'penne'), (0.015985662, 'cilantro'), (0.01565199, 'lime wedges'), (0.014918456, 'jasmine rice'), (0.014853952, 'shrimp'), (0.014045936, 'chopped cilantro fresh'), (0.013245616, 'yeast'), (0.013049673, 'quickcooking grits'), (0.012844901, 'galangal'), (0.012397098, 'blackberries'), (0.012224024, 'rice vermicelli'), (0.0122231925, 'lemon grass'), (0.0122056715, 'red curry paste'), (0.010232937, 'Thai fish sauce'), (0.009742551, 'fresh basil leaves'), (0.00968378, 'fresh basil'), (0.009196788, 'anise')]",-10.19311520637604
23,"[(0.11532542, 'ground beef'), (0.09071264, 'tomato sauce'), (0.064543664, 'lean ground beef'), (0.06413698, 'shredded cheddar cheese'), (0.03615299, 'refried beans'), (0.026197858, 'dried parsley'), (0.025482861, 'black olives'), (0.025241042, 'taco seasoning mix'), (0.024536015, 'sliced black olives'), (0.02436314, 'diced tomatoes'), (0.024154097, 'eggs'), (0.02330731, 'Mexican cheese blend'), (0.020814963, 'green onions'), (0.019401561, 'tomato paste'), (0.019333277, 'shredded carrots'), (0.01704221, 'tomatoes'), (0.016534504, 'canned low sodium chicken broth'), (0.015549288, 'cottage cheese'), (0.015470436, 'tomato juice'), (0.015397806, 'egg noodles'), (0.015396296, 'crushed garlic'), (0.012733455, 'squid'), (0.012209592, 'tamari soy sauce'), (0.011572248, 'phyllo dough'), (0.009941374, 'sunflower oil'), (0.009593662, 'red enchilada sauce'), (0.00952291, 'condensed cream of mushroom soup'), (0.009236773, 'dried oregano'), (0.008640138, 'condensed cream of chicken soup'), (0.008277823, 'reduced fat sharp cheddar cheese')]",-10.548096959526632
24,"[(0.06147749, 'feta cheese crumbles'), (0.053484965, 'corn kernels'), (0.051963683, 'chopped fresh mint'), (0.050032172, 'romaine lettuce'), (0.04964486, 'cucumber'), (0.041857317, 'roma tomatoes'), (0.032629278, 'ham'), (0.032078695, 'english cucumber'), (0.03124285, 'purple onion'), (0.028484888, 'goat cheese'), (0.025440877, 'cardamom pods'), (0.02429198, 'fresh oregano'), (0.020543445, 'lemon juice'), (0.019905299, 'tomatoes'), (0.019879134, 'Italian bread'), (0.018518263, 'fresh dill'), (0.018116998, 'pecan halves'), (0.017848, 'watercress'), (0.01687497, 'vidalia onion'), (0.015984096, 'radishes'), (0.015972074, 'cream cheese, soften'), (0.015287725, 'dill'), (0.015261124, 'pineapple juice'), (0.015203154, 'baby bok choy'), (0.014634178, 'green onions'), (0.014179217, 'beets'), (0.0131917205, 'low-fat buttermilk'), (0.009882841, 'rum'), (0.008700337, 'picante sauce'), (0.008505195, 'salad dressing')]",-11.836197839307088
25,"[(0.08616984, 'ground nutmeg'), (0.07733797, 'dried thyme'), (0.06803865, 'sweet potatoes'), (0.05894717, 'coarse salt'), (0.05824747, 'ground cloves'), (0.053085186, 'ground pepper'), (0.04286329, 'melted butter'), (0.04235661, 'ground cinnamon'), (0.036578167, 'half & half'), (0.03528406, 'ground allspice'), (0.033124134, 'cinnamon'), (0.029993301, 'beer'), (0.028342564, 'brandy'), (0.025659118, 'sausages'), (0.022853523, 'pure vanilla extract'), (0.018861957, 'seasoning salt'), (0.017640118, 'allspice'), (0.0128755355, 'large eggs'), (0.008886051, 'poultry seasoning'), (0.008485612, 'tomatoes with juice'), (0.0084189605, 'masala'), (0.008289679, 'dressing'), (0.008132746, 'prunes'), (0.008087193, 'chicken'), (0.0077008507, 'ground chuck'), (0.006623715, 'apple juice'), (0.0066053066, 'pineapple chunks'), (0.006352198, 'sprinkles'), (0.0062647294, 'short-grain rice'), (0.006072295, 'chutney')]",-12.106135000863834
26,"[(0.12298431, 'cooking spray'), (0.08482405, 'balsamic vinegar'), (0.074193776, 'large egg whites'), (0.042208955, 'large eggs'), (0.036172245, 'peaches'), (0.03383218, 'grape tomatoes'), (0.030313203, 'sherry vinegar'), (0.027905768, 'self rising flour'), (0.025682585, 'ice water'), (0.024958778, 'cream of tartar'), (0.024016049, 'semisweet chocolate'), (0.023098754, 'unsalted butter'), (0.019767398, 'brown sugar'), (0.019707749, 'fontina cheese'), (0.017575512, 'hazelnuts'), (0.014990613, 'shallots'), (0.014447282, 'sweet chili sauce'), (0.0125416415, 'prosciutto'), (0.012469079, 'chees fresh mozzarella'), (0.011861922, 'grapeseed oil'), (0.010999993, 'cocoa powder'), (0.010766277, 'purple onion'), (0.01039586, 'refrigerated piecrusts'), (0.010211725, 'beef tenderloin'), (0.009727214, 'chopped pecans'), (0.0095925145, 'wild mushrooms'), (0.009256403, 'salad greens'), (0.008463641, 'rotini'), (0.008383041, 'radicchio'), (0.0075035896, 'slivered almonds')]",-12.198983760840145
27,"[(0.1266351, 'mayonaise'), (0.07608915, 'worcestershire sauce'), (0.05730745, 'cider vinegar'), (0.0504221, 'hot sauce'), (0.048533034, 'ketchup'), (0.04644734, 'dijon mustard'), (0.03142097, 'brown rice'), (0.030692864, 'broccoli florets'), (0.024703855, 'green onions'), (0.02324265, 'dry mustard'), (0.022142453, 'lemon juice'), (0.022039406, 'tofu'), (0.021226017, 'cremini mushrooms'), (0.019877246, 'lump crab meat'), (0.018496815, 'coconut'), (0.01777626, 'shredded cabbage'), (0.016190153, 'bow-tie pasta'), (0.011504721, 'lemon slices'), (0.010633925, 'brown sugar'), (0.010502945, 'sushi rice'), (0.010492951, 'large eggs'), (0.009938093, 'dried sage'), (0.009411843, 'nonfat yogurt'), (0.009374083, 'granulated garlic'), (0.009117037, 'portabello mushroom'), (0.009034347, 'roasting chickens'), (0.009011372, 'manchego cheese'), (0.008646563, 'teriyaki sauce'), (0.008630352, 'udon'), (0.008001978, 'minced garlic')]",-12.400188870862667
28,"[(0.2161026, 'flour'), (0.077936925, 'cold water'), (0.056253828, 'cooking oil'), (0.04657596, 'eggs'), (0.034775537, 'oil'), (0.034106996, 'star anise'), (0.023992386, 'iceberg lettuce'), (0.022619594, 'lettuce'), (0.020802492, 'button mushrooms'), (0.019623345, 'caster sugar'), (0.018830739, 'chicken thighs'), (0.018773124, 'pork belly'), (0.017111594, 'peppercorns'), (0.013390809, 'pepper jack'), (0.013058611, 'sherry'), (0.012997476, 'brown sugar'), (0.012850867, 'cognac'), (0.012531312, 'serrano chilies'), (0.012404021, 'taco sauce'), (0.011814862, 'mustard'), (0.011656182, 'ground sirloin'), (0.011369649, 'escarole'), (0.011235851, 'corn starch'), (0.010410445, 'taco shells'), (0.009841315, 'rigatoni'), (0.008709634, 'lemon'), (0.008504531, 'tomato ketchup'), (0.0071972706, 'chinese black vinegar'), (0.006980553, 'colby jack cheese'), (0.006639257, 'cinnamon')]",-12.498097643403003
29,"[(0.09023388, 'red chili peppers'), (0.06842972, 'hot water'), (0.06299653, 'chiles'), (0.05906763, 'bread crumbs'), (0.047105923, 'apple cider vinegar'), (0.029744621, 'roasted peanuts'), (0.025716258, 'lime juice'), (0.025201166, 'slivered almonds'), (0.024900997, 'lime zest'), (0.024312008, 'beansprouts'), (0.023396714, 'palm sugar'), (0.023062931, 'polenta'), (0.022017352, 'eggs'), (0.018403625, 'shallots'), (0.017294751, 'tamarind paste'), (0.016783489, 'dried porcini mushrooms'), (0.015603121, 'cream of chicken soup'), (0.015593461, 'pico de gallo'), (0.015512965, 'fish sauce'), (0.0148765035, 'dried shrimp'), (0.014846822, 'skirt steak'), (0.014683019, 'stock'), (0.014331663, 'herbs'), (0.0132017275, 'chorizo'), (0.012319444, 'curry'), (0.012040942, 'white mushrooms'), (0.011968936, 'turbinado'), (0.009828972, 'sea salt'), (0.009796807, 'dates'), (0.009083746, 'butter lettuce')]",-12.77966677120317
30,"[(0.08048515, 'whole milk'), (0.07218282, 'low salt chicken broth'), (0.056829814, 'unsalted butter'), (0.050226927, 'grated nutmeg'), (0.04943, 'sweetened condensed milk'), (0.039034374, 'cream'), (0.03717936, 'large eggs'), (0.03585667, 'bourbon whiskey'), (0.02708222, 'crГЁme fraГ®che'), (0.024668692, 'plain flour'), (0.022867376, 'fresh dill'), (0.022615315, 'ground cardamom'), (0.022213114, 'marsala wine'), (0.021324195, 'dried red chile peppers'), (0.01775708, 'pears'), (0.017597517, 'sage leaves'), (0.014930761, 'greek style plain yogurt'), (0.012543278, 'great northern beans'), (0.012154076, 'salad'), (0.011941297, 'corn syrup'), (0.010458069, 'pie crust'), (0.010417764, 'shallots'), (0.01001374, 'sherry wine vinegar'), (0.009706456, 'pepper flakes'), (0.009082312, 'brown sugar'), (0.008804274, 'ras el hanout'), (0.008344575, 'mustard powder'), (0.008154456, 'whole milk ricotta cheese'), (0.007861456, 'currant'), (0.007519292, 'kosher salt')]",-12.840914351797814
31,"[(0.0942082, 'rice'), (0.09022658, 'cherry tomatoes'), (0.088917956, 'fresh mint'), (0.039380096, 'vegetables'), (0.035536695, 'fresh thyme leaves'), (0.03492182, 'plain yogurt'), (0.029249433, 'kimchi'), (0.026025787, 'sugar pea'), (0.023716087, 'ice'), (0.022828702, 'creamy peanut butter'), (0.02178354, 'greens'), (0.0215301, 'kosher salt'), (0.017731901, 'vodka'), (0.014812344, 'lemon'), (0.014435756, 'shallots'), (0.01397908, 'turkey'), (0.012947317, 'chicken livers'), (0.012864935, 'boneless chicken thighs'), (0.01269243, 'sambal ulek'), (0.012643148, 'zucchini'), (0.011798847, 'fresh oregano leaves'), (0.011263905, 'country ham'), (0.011190154, 'cilantro leaves'), (0.010451068, 'haricots verts'), (0.010317367, 'base'), (0.009131138, 'lobster'), (0.009047453, 'won ton wrappers'), (0.008624186, 'beef sirloin'), (0.008617401, 'rice cakes'), (0.008550898, 'chile sauce')]",-14.749409698401493
32,"[(0.07070456, 'tortilla chips'), (0.06727543, 'white wine vinegar'), (0.05455784, 'green pepper'), (0.046455853, 'parsley'), (0.04210949, 'fennel bulb'), (0.033081774, 'salmon fillets'), (0.033023473, 'fresh tarragon'), (0.028857777, 'shallots'), (0.028598852, 'shredded lettuce'), (0.027422452, 'fresh parsley leaves'), (0.025809651, 'cornflour'), (0.020574417, 'ripe olives'), (0.020562138, 'grated orange peel'), (0.019775312, 'freshly grated parmesan'), (0.019640766, 'fillets'), (0.019327365, 'cream style corn'), (0.016739948, 'canned black beans'), (0.016659738, 'eggs'), (0.014812817, 'tomatoes'), (0.01332286, 'halibut fillets'), (0.012394313, 'homemade chicken stock'), (0.011835605, 'cooked turkey'), (0.011761963, 'Belgian endive'), (0.0114928195, 'puff pastry'), (0.009910788, 'tuna'), (0.009878638, 'lemon'), (0.009874905, 'and fat free half half'), (0.009555653, 'fenugreek leaves'), (0.009412865, 'fresh marjoram'), (0.009149861, 'flour for dusting')]",-14.766365465550436
33,"[(0.07366759, 'mushrooms'), (0.06837914, 'beef broth'), (0.06506468, 'fine sea salt'), (0.044016324, 'red potato'), (0.043940876, 'thyme sprigs'), (0.03946594, 'pancetta'), (0.027814057, 'barbecue sauce'), (0.023703868, 'grated orange'), (0.021696983, 'boiling potatoes'), (0.020851709, 'elbow macaroni'), (0.020367375, 'chicken pieces'), (0.017959103, 'small red potato'), (0.017768174, 'pearl onions'), (0.01682963, 'finely chopped fresh parsley'), (0.016732343, 'grated coconut'), (0.015368266, 'black pepper'), (0.013968121, 'skinless chicken breasts'), (0.012903189, 'steak'), (0.012247979, 'rib eye steaks'), (0.012136528, 'urad dal'), (0.010969318, 'jaggery'), (0.010809509, 'dried chile'), (0.010728912, 'beef brisket'), (0.010689518, 'baby carrots'), (0.010538175, 'anchovies'), (0.010485769, 'bay leaves'), (0.010151282, 'sage'), (0.0095828995, 'romaine lettuce leaves'), (0.00897826, 'tapioca flour'), (0.008906982, 'tarragon')]",-15.248559811011058
34,"[(0.10938712, 'bacon'), (0.0779387, 'cajun seasoning'), (0.06980313, 'grated lemon zest'), (0.06725883, 'whipping cream'), (0.055210155, 'dark brown sugar'), (0.031122515, 'cake flour'), (0.027620537, 'corn oil'), (0.025462128, 'unsalted butter'), (0.024603013, 'light corn syrup'), (0.02191255, 'eggs'), (0.020399453, 'white bread'), (0.019109158, 'caraway seeds'), (0.018851742, 'dried currants'), (0.018099163, 'vanilla ice cream'), (0.015435113, 'shredded sharp cheddar cheese'), (0.015375273, 'sweet italian sausage'), (0.014750865, 'sirloin steak'), (0.013874215, 'sweet corn'), (0.012114739, 'grating cheese'), (0.012017192, 'asian pear'), (0.0109488815, 'sausage links'), (0.010415562, 'chicken meat'), (0.009261747, 'celery salt'), (0.009153486, 'shredded swiss cheese'), (0.008689146, 'oven-ready lasagna noodles'), (0.008324953, 'fresh peas'), (0.0082447445, 'dark chocolate'), (0.008065406, 'light cream'), (0.007902999, 'pastry'), (0.007469932, 'cream cheese')]",-15.649080839306935
35,"[(0.11510611, 'sauce'), (0.0660065, 'garlic salt'), (0.05556581, 'coconut oil'), (0.048525903, 'thai basil'), (0.047546092, 'chili'), (0.04212821, 'kale'), (0.03605811, 'ground cayenne pepper'), (0.03208398, 'seasoning'), (0.03086164, 'cooked chicken breasts'), (0.024946574, 'pesto'), (0.024607236, 'flank steak'), (0.022112744, 'tilapia fillets'), (0.021013025, 'cachaca'), (0.019996917, 'lime'), (0.016464498, 'minced ginger'), (0.014046163, 'California bay leaves'), (0.012365104, 'chile powder'), (0.012264215, 'cake'), (0.011482556, 'fresh corn'), (0.010814822, 'sea salt'), (0.010656011, 'crushed ice'), (0.010570267, 'minced garlic'), (0.010216187, 'pork loin chops'), (0.010206089, 'phyllo pastry'), (0.008840965, 'wakame'), (0.00872362, 'flatbread'), (0.0086431075, 'simple syrup'), (0.008520929, 'squash'), (0.008453042, 'reduced fat cheddar cheese'), (0.008198506, 'full fat coconut milk')]",-15.958372876342198
36,"[(0.13028671, 'warm water'), (0.08625027, 'active dry yeast'), (0.048233528, 'bacon slices'), (0.047091972, 'broccoli'), (0.045179114, 'yukon gold potatoes'), (0.04416857, 'bread flour'), (0.039722286, 'mint leaves'), (0.036333706, 'provolone cheese'), (0.03090135, 'part-skim ricotta cheese'), (0.02131928, 'old bay seasoning'), (0.018138146, 'ranch dressing'), (0.016848572, 'agave nectar'), (0.016069453, 'spinach leaves'), (0.015979882, 'lettuce leaves'), (0.013913276, 'creole mustard'), (0.013085879, 'gari'), (0.0125544695, 'sea salt'), (0.012452783, 'semolina flour'), (0.012317399, 'celery seed'), (0.011720081, 'cornmeal'), (0.011123811, 'pepperoni'), (0.0110552255, 'horseradish'), (0.0091874115, 'whitefish'), (0.009091886, 'wasabi paste'), (0.008939091, 'cherries'), (0.008843747, 'kosher salt'), (0.008347637, 'fettuccine pasta'), (0.0071818163, 'black sesame seeds'), (0.007130851, 'steamed rice'), (0.006881342, 'crusty bread')]",-15.96798637016228
37,"[(0.100088365, 'sliced green onions'), (0.07429397, 'chopped garlic'), (0.05957296, 'taco seasoning'), (0.0566998, 'baby spinach'), (0.05119522, 'monterey jack'), (0.045109242, 'reduced sodium soy sauce'), (0.043094013, 'asian fish sauce'), (0.042634394, 'minced onion'), (0.04149475, '1% low-fat milk'), (0.033579644, 'beef stock'), (0.032312565, 'non-fat sour cream'), (0.029410895, 'szechwan peppercorns'), (0.023037797, 'gruyere cheese'), (0.01903828, 'semi-sweet chocolate morsels'), (0.01899846, 'fat skimmed chicken broth'), (0.018508067, 'cauliflower florets'), (0.014423491, 'crimini mushrooms'), (0.012655356, 'chuck roast'), (0.01229756, 'unsalted dry roast peanuts'), (0.012275746, 'star anise'), (0.011469744, 'beef stew meat'), (0.010865194, 'cheese tortellini'), (0.009983314, 'tea bags'), (0.008919273, 'hot chili sauce'), (0.0081369905, 'crema mexican'), (0.0076975855, 'allspice berries'), (0.0076697315, 'sliced tomatoes'), (0.007633357, 'watermelon'), (0.0072376104, 'orange flower water'), (0.007227494, 'oxtails')]",-17.87502135240349
38,"[(0.07432046, 'white pepper'), (0.06625378, 'pork tenderloin'), (0.04587058, 'all purpose unbleached flour'), (0.0394537, 'dried shiitake mushrooms'), (0.035833865, 'maple syrup'), (0.032212954, 'vegetable shortening'), (0.031135716, 'clams'), (0.027979458, 'masa harina'), (0.025940098, 'hard-boiled egg'), (0.025161678, 'corn husks'), (0.024447378, 'lime rind'), (0.020987755, 'rib'), (0.020139266, 'orange bell pepper'), (0.015861444, 'chicken bouillon granules'), (0.015560758, 'chips'), (0.015398809, '2% reduced-fat milk'), (0.014421694, 'chop fine pecan'), (0.014083026, 'hass avocado'), (0.010936235, 'vietnamese fish sauce'), (0.010451185, 'chinese sausage'), (0.010301206, 'scallops'), (0.010141462, 'green enchilada sauce'), (0.010101984, 'orzo pasta'), (0.00940593, 'glutinous rice'), (0.009314447, 'boiling water'), (0.009220763, 'orecchiette'), (0.009166811, 'steamed white rice'), (0.008820823, 'kielbasa'), (0.008192553, 'lo mein noodles'), (0.007949709, 'barbecued pork')]",-18.533739132808307
39,"[(0.083813414, 'corn'), (0.08181174, 'beef'), (0.041346718, 'kidney beans'), (0.03712112, 'mascarpone'), (0.036752433, 'Mexican oregano'), (0.03231121, 'tequila'), (0.031188853, 'paneer'), (0.027092017, 'fresh green bean'), (0.0269533, 'ice cubes'), (0.024570236, 'fat'), (0.020041823, 'chicken legs'), (0.016501015, 'fresh curry leaves'), (0.016002407, 'chicken stock cubes'), (0.015928509, 'fruit'), (0.01566069, 'orange liqueur'), (0.015208956, 'dark corn syrup'), (0.014798407, 'fresh lime juice'), (0.014666761, 'cooking wine'), (0.013911495, 'shredded parmesan cheese'), (0.013647841, 'teas'), (0.013260587, 'cod fillets'), (0.013034995, 'nonstick spray'), (0.012461846, 'corn kernel whole'), (0.0111117605, 'lime slices'), (0.010892615, 'pomegranate seeds'), (0.010329864, 'bean paste'), (0.01002036, 'crushed pineapple'), (0.010007632, 'stout'), (0.009639894, 'ladyfingers'), (0.008860876, 'spanish paprika')]",-18.702263009382847
